Provinsi,Kab/Kota,Tanggal,Latitude,Longitude,temperature_2m,relative_humidity_2m,dew_point_2m,precipitation,rain,surface_pressure,cloud_cover,et0_fao_evapotranspiration,vapour_pressure_deficit,wind_speed_10m,wind_speed_100m,wind_direction_10m,wind_gusts_10m,soil_moisture_0_to_7cm,soil_moisture_7_to_28cm,Kebakaran
Riau,Kota Dumai,2024-01-01,1.657172,101.426666,26.662582,87.62009,24.312584,0.09166667,0.09166667,1009.1307,95.208336,0.15970759,0.47796145,4.731922,7.518001,160.71521,13.89,0.401625,0.41608334,Yes
Riau,Pelalawan,2024-01-01,0.4392758,102.0860694,25.613583,94.223915,24.565666,0.3375,0.3375,1010.521,99.958336,0.10635765,0.20869303,4.0957522,7.3775496,143.02003,12.599999,0.41825,0.42225,Yes
Riau,Kepulauan Meranti,2024-01-01,0.978508,102.749102,25.843416,93.13121,24.5705,0.22500001,0.22500001,1010.2768,99.875,0.11711643,0.25653452,5.101934,10.302356,58.86109,13.934999,0.41491666,0.41083333,Yes
Riau,Bengkalis,2024-01-01,1.468944,102.110526,26.702,87.895256,24.4145,0.075,0.075,1010.1952,98.875,0.14783283,0.460778,6.3415546,9.963447,104.077385,15.254999,0.40691668,0.417,Yes
Kepulauan Riau,Bintan,2024-01-18,1.01965765,104.5698189,26.099085,88.18837,23.974085,0.7166667,0.7166667,1006.4964,100,0.11255021,0.40536448,16.170847,25.306553,70.535164,29.744999,0.30425,0.29641667,Yes
Kepulauan Riau,Karimun,2024-02-01,1.0002709,103.4284711,27.095499,83.6068,24.053833,0.11666667,0.11666667,1009.7858,91.75,0.17341138,0.596609,13.101735,18.546898,35.77602,29.355,0.292125,0.31070834,Yes
Kepulauan Riau,Karimun,2024-02-05,1.0002709,103.4284711,27.610083,79.605064,23.728832,0.0625,0.0625,1009.59235,90.041664,0.20375185,0.7682031,11.212188,16.117422,28.428892,26.175,0.33,0.31641668,Yes
Aceh,Aceh Tenggara,2024-02-05,-3.9839496,103.3249505,22.067417,91.29134,20.534084,1.2541666,1.2541666,941.46094,100,0.12041378,0.25287184,4.673992,5.5688543,148.05228,14.549999,0.419875,0.42375,Yes
Aceh,Aceh Besar,2024-02-12,-3.9839496,103.3249505,23.111168,86.91254,20.6945,0.65,0.65,942.02985,90.875,0.15136465,0.40378556,2.511702,4.107488,161.06874,11.294999,0.42595834,0.42029166,Yes
Aceh,Aceh Tenggara,2024-02-16,-3.9839496,103.3249505,22.032,94.57026,21.098667,1.5583333,1.5583333,940.3848,99.916664,0.06354109,0.15069704,2.7846,3.5822244,110.298,9.09,0.43183333,0.43258333,Yes
Kalimantan Tengah,Kotawaringin Barat,2024-02-20,-2.50421195,111.6468097,26.79,91.122284,25.110834,0.9458333,0.9458333,1010.10376,78.291664,0.1660321,0.3620002,3.9351783,6.538986,211.74507,12.344999,0.40895835,0.40562502,Yes
Jawa Timur,Banyuwangi,2024-02-21,-8.203328,114.374513,27.487333,84.67558,24.53525,0.079166666,0.079166666,1008.1175,84.125,0.21586396,0.6222886,4.7092566,7.350813,169.74437,15.2699995,0.255375,0.266375,Yes
Kepulauan Riau,Karimun,2024-02-22,1.0002709,103.4284711,27.583,83.6811,24.51425,0.054166667,0.054166667,1008.2176,79.333336,0.1966169,0.622259,8.3298435,11.787944,64.61457,22.35,0.30108333,0.303375,Yes
Kepulauan Riau,Bintan,2024-02-22,1.01965765,104.5698189,27.657417,82.40396,24.332418,0.016666668,0.016666668,1008.63477,90.208336,0.16981189,0.67107904,8.988084,14.559961,75.302475,18.24,0.17254166,0.18995833,Yes
Kepulauan Riau,Bintan,2024-02-23,1.01965765,104.5698189,27.622002,80.882835,23.988668,0.11666667,0.11666667,1008.4641,42.958332,0.19404857,0.72314835,13.870856,21.201807,19.667707,25.679998,0.195875,0.182125,Yes
Kepulauan Riau,Bintan,2024-02-24,1.01965765,104.5698189,27.726168,77.22048,23.317835,0.0125,0.0125,1008.17847,31.875,0.21679083,0.86421305,15.027871,22.610863,45.360058,28.064999,0.17241667,0.17004167,Yes
Kepulauan Riau,Bintan,2024-02-25,1.01965765,104.5698189,27.738667,78.41509,23.6095,0.054166667,0.054166667,1007.9875,46.291668,0.20717059,0.81492823,15.627063,23.487524,24.30263,28.904999,0.15216666,0.16108334,Yes
Riau,Kota Dumai,2024-02-26,1.657172,101.426666,28.014668,79.22351,23.900084,0.1375,0.1375,1008.489,77.875,0.1942825,0.8427253,9.962861,17.056639,74.56858,22.064999,0.263375,0.24433333,Yes
Sumatera Utara,Labuhanbatu,2024-03-01,3.025326,98.289185,23.206,86.74982,20.570583,0.27083334,0.27083334,935.86884,96.416664,0.1737653,0.47239017,4.2355013,5.656414,162.26125,12.525,0.300125,0.28595832,Yes
Sumatera Utara,Dairi,2024-03-01,2.83532105,98.28450159,23.065584,88.920586,20.98225,0.44583333,0.44583333,936.22156,99.25,0.16385217,0.36608094,2.956057,4.071663,158.69652,11.594999,0.486625,0.481,Yes
Aceh,Bener Meriah,2024-03-12,3.23924,97.234497,26.766,84.780075,23.899334,0.045833334,0.045833334,1003.95886,83.958336,0.20422904,0.56232464,4.131784,5.254605,194.5271,16.92,0.36675,0.37849998,Yes
Kepulauan Riau,Bintan,2024-03-13,1.01965765,104.5698189,27.819918,77.5479,23.494917,0,0,1008.7111,50.291668,0.23097758,0.85374,17.728477,26.509928,80.28328,32.129997,0.16795833,0.18575001,Yes
Kepulauan Riau,Karimun,2024-03-13,1.0002709,103.4284711,28.403833,73.896515,23.130917,0.0125,0.0125,1008.1189,44.708332,0.24524646,1.0531125,14.893475,21.501442,75.113235,31.56,0.31579167,0.33504167,Yes
Riau,Kota Dumai,2024-03-14,1.657172,101.426666,27.677166,81.44622,23.995916,0.1,0.1,1009.3774,90.875,0.1991703,0.7585265,5.9192224,10.293232,224.2431,14.445,0.30058333,0.32041666,Yes
Kepulauan Riau,Bintan,2024-03-15,1.01965765,104.5698189,27.490751,76.387924,22.851168,0.008333334,0.008333334,1008.3422,93.791664,0.22091,0.896528,13.344647,21.116802,14.996454,25.529999,0.12833333,0.16241667,Yes
Sumatera Utara,Asahan,2024-03-15,3.1127636,99.94169219,28.81875,79.00176,24.802084,0.016666668,0.016666668,1010.9292,94.416664,0.2213043,0.8339274,14.994447,15.672229,280.91278,22.275,0,0,Yes
Kepulauan Riau,Karimun,2024-03-17,1.0002709,103.4284711,28.391333,75.86061,23.585083,0.033333335,0.033333335,1007.16785,73.541664,0.2171556,0.97008884,13.105877,18.608496,79.84298,29.099998,0.26316667,0.29595834,Yes
Sumatera Utara,Asahan,2024-03-18,3.1127636,99.94169219,28.972918,78.53822,24.845833,0.0375,0.0375,1009.8375,56.25,0.20503932,0.8621388,9.144387,9.431223,194.07373,15.419999,0,0,Yes
Kepulauan Riau,Bintan,2024-04-02,1.01965765,104.5698189,28.532417,79.58605,24.519918,0.108333334,0.108333334,1005.8806,54.791668,0.20724505,0.8443148,5.8866825,8.280824,139.14746,13.335,0.18175,0.0675,Yes
Aceh,Aceh Besar,2024-04-04,-3.9839496,103.3249505,22.907,89.27927,20.996584,0.48333332,0.48333332,937.8097,99.916664,0.12712298,0.3213276,3.9744263,4.690203,214.52576,11.445,0.414,0.410875,Yes
Kalimantan Timur,Kota Bontang,2024-04-06,3.08018,117.240926,25.791166,93.439705,24.60575,0.5833333,0.5833333,1006.3562,93.375,0.11337787,0.23495828,5.3107495,8.37754,180.53625,14.474999,0.37758332,0.35975,Yes
Aceh,Bener Meriah,2024-04-06,3.23924,97.234497,26.424334,91.05073,24.816,0.14166667,0.14166667,1000.4184,77.666664,0.18098941,0.32053468,4.5542774,6.236872,183.99954,16.725,0.39595833,0.39654166,Yes
Aceh,Aceh Tenggara,2024-04-07,-3.9839496,103.3249505,22.940334,89.6399,21.098667,0.7083333,0.7083333,937.133,94.875,0.1269,0.3137162,3.4483645,3.8122318,175.95723,12.014999,0.41658333,0.42275,Yes
Kalimantan Timur,Kota Bontang,2024-04-11,3.08018,117.240926,26.851583,83.308525,23.597416,0.041666668,0.041666668,1007.24725,76.75,0.19425146,0.6653267,5.4706173,9.684552,178.3424,14.025,0.36679167,0.37279168,Yes
Kalimantan Timur,Penajam Paser Utara,2024-04-13,-1.1973862,116.5673033,27.601084,83.58168,24.369835,0.045833334,0.045833334,1005.3878,68.583336,0.18989208,0.67924756,4.5857277,9.176044,99.924484,11.8949995,0.42270833,0.44095832,Yes
Kalimantan Barat,Sambas,2024-04-20,1.6084229,109.1811618,27.826834,88.00147,25.556,0.112500004,0.112500004,1006.7248,91.875,0.17575435,0.49051514,6.669948,10.047203,142.12627,16.365,0.32279167,0.33020833,Yes
Aceh,Bener Meriah,2024-04-23,3.23924,97.234497,26.413918,92.99896,25.161833,0.34583333,0.34583333,999.8359,98.75,0.1670202,0.25191677,4.284939,5.8673005,194.68822,17.49,0.41525,0.42154166,Yes
Jawa Timur,Mojokerto,2024-05-12,-7.4725876,112.4340515,28.522333,71.70107,22.311916,0,0,1007.33563,62.958332,0.20598577,1.2733011,7.1519794,11.878451,177.416,17.505,0.218375,0.23441666,Yes
Riau,Indragiri Hulu,2024-05-23,-1.6342492,106.0051002,26.772,90.01926,24.94075,0.75,0.75,1007.43756,100,0.121317215,0.3756273,6.8141184,10.922081,168.52106,15.674999,0.40983334,0.40154168,Yes
Aceh,Aceh Selatan,2024-05-27,-3.9839496,103.3249505,23.736168,83.60359,20.70075,0.0625,0.0625,938.3464,70.916664,0.15641741,0.522401,5.0221477,6.073142,202.71556,13.349999,0.38695833,0.401625,Yes
Aceh,Aceh Besar,2024-05-29,-3.9839496,103.3249505,23.275751,86.7235,20.848667,0.020833334,0.020833334,938.0262,42.458332,0.15094675,0.4179249,4.651467,5.7960644,204.4708,13.275,0.37270832,0.37845832,Yes
Jawa Timur,Pasuruan,2024-06-18,-6.30304,106.896762,26.163334,86.9943,23.7175,0.5875,0.5875,1005.75934,79.875,0.12086173,0.4813973,5.122126,8.610779,136.63098,14.5199995,0.48029166,0.47241667,Yes
Nusa Tenggara Barat,Bima,2024-06-19,-8.615237,118.738413,24.825167,80.359924,20.829334,0,0,1002.71375,35.708332,0.16384515,0.7178003,7.333132,12.993665,176.92712,21.224998,0.17995833,0.19562499,Yes
Jambi,Muaro Jambi,2024-06-20,-1.4783315,103.6764008,25.666416,94.20182,24.64975,1.2791667,1.2791667,1007.7446,94.583336,0.10227565,0.19732314,4.8823767,8.664807,142.08891,13.469999,0.40908334,0.40804166,Yes
Sumatera Selatan,Musi Rawas Utara,2024-06-22,-2.6237377,102.7614606,25.7775,86.95278,23.34,0.18333334,0.18333334,1004.2864,99.291664,0.12215024,0.46901676,3.4197268,5.2143965,174.62674,10.485,0.386875,0.37629166,Yes
Sumatera Selatan,Ogan Ilir,2024-06-22,-4.275203,104.441251,25.61075,87.70718,23.308666,0.104166664,0.104166664,1001.6196,84.916664,0.15676759,0.45182213,6.1785336,10.313793,166.66437,14.07,0.46545833,0.47370833,Yes
Aceh,Aceh Besar,2024-06-22,-3.9839496,103.3249505,22.209084,88.136765,20.090334,0.36666667,0.36666667,939.00574,87.541664,0.12634787,0.3416093,4.8321533,6.792392,207.3064,13.889999,0.38425002,0.377875,Yes
Sumatera Selatan,Kota Prabumulih,2024-06-23,-3.406348,104.261447,26.801582,81.60269,23.189083,0,0,1005.3641,81.541664,0.17710413,0.71667075,8.55194,15.666414,140.95436,16.515,0.444625,0.44516668,Yes
Kalimantan Tengah,Barito Utara,2024-06-26,-0.75421105,115.0451447,26.028334,90.144005,24.080416,0.7375,0.7375,1005.5532,82.25,0.15992953,0.4068677,5.323147,10.177611,70.23633,15.615,0.405,0.39804167,Yes
Kalimantan Tengah,Kota Palangkaraya,2024-06-26,-2.2072919,113.9164372,26.292501,90.66557,24.446667,0.6,0.6,1007.0186,61.416668,0.16578266,0.39127183,4.239648,7.14663,149.6988,13.41,0.38604167,0.358125,Yes
Sumatera Utara,Padang Lawas Utara,2024-07-01,1.6364047,99.69103752,26.080751,85.95077,23.439085,0.525,0.525,993.0774,90.583336,0.14401162,0.5153477,5.699486,9.300317,172.66862,15.465,0.32858333,0.31054166,Yes
Aceh,Nagan Raya,2024-07-03,4.181243,96.52577259,25.80225,73.55713,20.348083,0.033333335,0.033333335,987.3525,78.666664,0.2040291,0.98204845,5.008412,5.9099064,148.9611,13.485,0.28245834,0.30470833,Yes
Sumatera Utara,Toba,2024-07-04,2.38545945,99.33146479,18.833082,87.64741,16.597666,0.125,0.125,871.6901,75,0.101378016,0.31062388,4.913888,9.795811,237.52005,16.125,0.44008332,0.44795832,Yes
Aceh,Aceh Besar,2024-07-07,-3.9839496,103.3249505,22.661167,87.03199,20.359083,0.26666668,0.26666668,938.1321,83.5,0.12595017,0.3698359,3.5465443,4.6959314,195.57713,10.05,0.41808334,0.42025,Yes
Nusa Tenggara Timur,Lembata,2024-07-10,-8.37814435,123.5446266,27.184332,64.7527,19.415583,0,0,1006.8764,73.75,0.22335981,1.3706138,13.95397,20.863535,151.74701,38.114998,0.12,0.15,Yes
Sumatera Utara,Karo,2024-07-10,3.09987505,98.33697064,20.832167,93.04173,19.630083,0.1875,0.1875,924.97437,98.208336,0.085448235,0.18041185,3.7210925,5.344286,151.0007,11.625,0.365125,0.32154167,Yes
Kalimantan Tengah,Sukamara,2024-07-13,-6.3809,105.9406,25.039001,77.771835,20.686918,0,0,997.9232,30.291666,0.1684784,0.7712147,5.869668,10.483686,125.84567,14.565,0.44125,0.457875,Yes
Sumatera Utara,Samosir,2024-07-13,3.025326,98.289185,22.576834,83.94886,19.46225,0,0,934.4774,90.208336,0.1689262,0.5237502,5.711785,7.569502,166.66129,16.71,0.34233335,0.35366666,Yes
Bengkulu,Muko Muko,2024-07-26,-3.7922858,102.2623797,25.941,80.68496,22.205584,0,0,1007.8288,38.5,0.18257695,0.71276057,8.577034,14.648544,137.64734,18.57,0.289125,0.31116667,Yes
Sumatera Utara,Kota Padang Sidempuan,2024-07-26,1.372696,99.2727172,25.466917,82.528175,21.977333,0.020833334,0.020833334,976.0255,95.291664,0.193719,0.6541221,5.8783765,10.365336,283.0944,18.285,0.34879166,0.34166667,Yes
Aceh,Aceh Jaya,2024-07-26,4.8114844,95.70019149,26.365,75.26105,21.3025,0,0,972.27155,98.375,0.17919587,0.9390583,6.5839252,10.730697,111.06536,18.93,0.19475,0.19283333,Yes
Sumatera Utara,Karo,2024-07-26,3.09987505,98.33697064,22.678,83.14194,19.313417,0.004166667,0.004166667,922.4112,100,0.18263777,0.55456287,6.4137278,9.945336,176.36055,18.39,0.23449999,0.23891667,Yes
Nusa Tenggara Barat,Bima,2024-07-27,-8.615237,118.738413,26.168917,80.51408,22.1835,0.008333334,0.008333334,1003.9566,48.5,0.17446741,0.76295906,8.723226,14.175605,176.03604,23.91,0.16749999,0.16958334,Yes
Riau,Kampar,2024-07-27,4.34273,101.155242,29.391335,67.41403,22.533,0,0,1005.00586,98.666664,0.22654289,1.4129486,10.231717,17.994976,146.87912,22.32,0.28725,0.32016668,Yes
Sumatera Utara,Labuhanbatu Utara,2024-07-27,3.025326,98.289185,23.495583,80.950554,19.601833,0.029166667,0.029166667,935.69855,97.125,0.18611726,0.67290366,5.5719705,7.780241,159.5693,16.095,0.23554167,0.25566667,Yes
Sumatera Utara,Toba,2024-07-27,2.38545945,99.33146479,20.410166,77.7425,16.043499,0.045833334,0.045833334,871.00366,98.5,0.1882216,0.6335355,6.750325,12.35315,235.36464,19.305,0.31379166,0.36558333,Yes
Sumatera Utara,Labuhanbatu,2024-07-27,3.025326,98.289185,23.495583,80.950554,19.601833,0.029166667,0.029166667,935.69855,97.125,0.18611726,0.67290366,5.5719705,7.780241,159.5693,16.095,0.23554167,0.25566667,Yes
Aceh,Gayo Lues,2024-07-27,3.97759925,97.33206766,22.595583,78.807526,18.26225,0.025,0.025,905.86,99.791664,0.19137847,0.7275653,4.1103244,6.4374065,254.92387,17.235,0.18283333,0.20920834,Yes
Sumatera Utara,Asahan,2024-07-27,3.1127636,99.94169219,29.36875,77.771484,25.06875,0.008333334,0.008333334,1008.10834,98.791664,0.22430803,0.9080736,28.285452,32.28443,126.7808,37.71,0,0,Yes
Jawa Timur,Mojokerto,2024-07-28,-7.4725876,112.4340515,28.00775,63.37791,19.522333,0,0,1008.187,34.875,0.20122674,1.6185526,5.984282,9.65313,248.48341,15.014999,0.15254167,0.160125,Yes
Nusa Tenggara Barat,Bima,2024-07-28,-8.615237,118.738413,26.048084,81.7517,22.425167,0.05,0.05,1003.37506,39.041668,0.14335804,0.6916995,6.8154125,10.819778,176.31114,19.14,0.16958334,0.16883333,Yes
Kepulauan Riau,Bintan,2024-07-28,1.01965765,104.5698189,28.686584,74.99542,23.782417,0.008333334,0.008333334,1006.11487,66.25,0.21994992,0.99642795,18.155546,27.540836,150.82088,32.73,0.11879167,0.14,Yes
Sumatera Selatan,Muara Enim,2024-07-29,-3.6500887,103.7719601,28.846334,68.30297,22.1005,0.004166667,0.004166667,1004.6178,60.291668,0.20728138,1.3599598,9.754845,16.441525,133.77185,20.49,0.21883333,0.290375,Yes
Kalimantan Barat,Kubu Raya,2024-07-29,-0.36948415,109.5123558,28.457832,77.63099,23.728666,0,0,1007.2293,34.583332,0.19992852,0.9980556,7.6429863,14.702568,164.2301,17.52,0.1945,0.238625,Yes
Jawa Tengah,Cilacap,2024-07-30,-7.73926,109.0141049,25.283916,84.87364,22.55475,0.0375,0.0375,1012.08795,67.458336,0.16465217,0.48688486,21.817987,25.16328,113.44067,28.05,0,0,Yes
Aceh,Bener Meriah,2024-07-30,3.23924,97.234497,27.736834,69.85742,21.570168,0,0,1000.9204,87.625,0.19725028,1.157292,3.7484837,5.058955,176.25089,16.545,0.14937499,0.19749999,Yes
Riau,Indragiri Hilir,2024-07-30,-0.516217,102.930472,27.563,82.19425,23.927584,0.5,0.5,1009.41833,69.75,0.18353601,0.77417886,7.130644,12.249082,146.83592,18.824999,0.21504167,0.21745834,Yes
Jawa Barat,Majalengka,2024-07-31,-6.8073627,108.278786,29.020334,57.884876,19.316168,0,0,999.6038,31.125,0.22274242,1.8505516,9.23905,14.454618,198.48013,20.939999,0.12566666,0.1615,Yes
Kepulauan Bangka Belitung,Belitung Timur,2024-07-31,-2.9164574,108.0037218,27.692833,79.92265,23.801167,0.029166667,0.029166667,1009.34064,81.25,0.15615544,0.78019214,14.053784,23.049835,118.6249,26.43,0.0615,0.08645833,Yes
Jawa Timur,Mojokerto,2024-08-01,-7.4725876,112.4340515,28.103582,70.92037,21.8015,0.004166667,0.004166667,1009.51794,31.75,0.20135836,1.2551119,7.4511013,11.405077,166.63536,18.435,0.16283333,0.16504167,Yes
Aceh,Aceh Besar,2024-08-02,-3.9839496,103.3249505,22.017418,82.09691,18.696583,0.48333332,0.48333332,939.6761,83.916664,0.15457657,0.5186886,4.7997136,6.1739635,231.41934,13.23,0.25354168,0.246875,Yes
Jawa Tengah,Semarang,2024-08-03,-6.9903988,110.4229104,28.016335,70.85744,21.697584,0.2,0.2,1011.27814,42.958332,0.20511714,1.2411504,11.276784,17.608364,125.51848,22.98,0.284125,0.1815,Yes
Jawa Timur,Probolinggo,2024-08-03,-7.7441461,113.2158401,27.872084,68.05094,21.049168,0.004166667,0.004166667,1011.2796,56.333332,0.21784914,1.310368,10.707148,15.3885,131.95685,22.439999,0.133125,0.13891667,Yes
Kepulauan Riau,Cilacap,2024-08-04,-7.645699,109.133742,25.464417,85.80902,22.820667,0.079166666,0.079166666,1012.4446,59.583332,0.15060149,0.4914328,13.847412,20.167564,126.30638,25.814999,0.23554167,0.17670834,Yes
Jawa Timur,Pasuruan,2024-10-01,-6.30304,106.896762,28.246666,72.05324,22.294584,0.008333334,0.008333334,1004.6715,85.875,0.21553272,1.2165114,5.554573,8.116248,134.51366,13.7699995,0.41933334,0.41858333,Yes
Jawa Timur,Kota Kediri,2024-10-01,-7.8111057,112.0046051,27.82525,72.25956,22.1565,0.054166667,0.054166667,1002.3574,91.083336,0.24525344,1.1080587,20.125347,29.932913,200.35054,39.51,0.21875,0.21316667,Yes
Banten,Kota Cilegon,2024-10-02,-6.032761,106.1636947,29.165249,70.17089,22.89025,0.041666668,0.041666668,1009.78424,93.125,0.20965078,1.2985508,5.354616,9.050168,124.47002,15.825,0.17145833,0.14695834,Yes
Jawa Timur,Probolinggo,2024-10-03,-7.7441461,113.2158401,29.23875,62.365314,20.897083,0.041666668,0.041666668,1009.45966,95.416664,0.27641428,1.6589768,14.391156,21.408031,151.11292,28.664999,0.13233334,0.133,Yes
Jawa Timur,Trenggalek,2024-10-03,-8.0490793,111.7090951,26.161165,82.01259,22.669498,0.07083333,0.07083333,999.0753,99.541664,0.18117283,0.66573805,6.290493,8.617782,185.82469,16.56,0.397375,0.30487502,Yes
Jawa Timur,Pasuruan,2024-10-04,-6.30304,106.896762,26.89875,82.78197,23.334167,0.62916666,0.62916666,1005.45526,87.041664,0.18757427,0.735683,5.3373027,8.005405,178.64569,15.164999,0.42208335,0.38741666,Yes
Jawa Timur,Situbondo,2024-10-07,-7.7067843,114.0054142,29.263334,61.797047,20.677917,0.0625,0.0625,1007.82666,66.875,0.2651784,1.7027541,9.655337,16.322033,214.92569,23.804998,0.262,0.279,Yes
Jawa Timur,Bondowoso,2024-10-09,-7.9451279,113.882059,27.059584,67.140594,19.661667,0,0,976.23486,42.5,0.24924247,1.3665622,9.203029,14.50741,210.2046,21.57,0.085708335,0.06775,Yes
Jawa Timur,Pasuruan,2024-10-09,-6.30304,106.896762,28.284166,74.39936,22.802917,0.07083333,0.07083333,1004.9957,43.75,0.21270694,1.1315647,6.2023377,9.349682,154.95584,15.539999,0.36279166,0.36616668,Yes
Jawa Timur,Bondowoso,2024-10-11,-7.9451279,113.882059,27.77,68.25185,20.359583,0.008333334,0.008333334,975.3145,93,0.23630095,1.4144794,9.53029,15.390292,199.1622,23.595,0.069583334,0.06475,Yes
Jawa Timur,Pacitan,2024-10-11,-8.1017184,111.1446711,26.808,81.11512,22.97675,0,0,999.24664,70.708336,0.21715164,0.76654,11.551962,18.193647,102.7339,26.039999,0.235375,0.24304166,Yes
Jawa Timur,Kota Batu,2024-10-11,-7.86429,112.523565,23.033583,67.57833,16.3815,0.033333335,0.033333335,915.6462,92,0.21627311,0.9797076,7.645025,9.789396,167.22574,19.005,0.069416665,0.088083334,Yes
Jawa Timur,Pasuruan,2024-10-12,-6.30304,106.896762,27.58,81.55215,23.934168,1.0416666,1.0416666,1004.57855,98.708336,0.1682307,0.7560179,7.2648134,11.087218,196.79895,19.185,0.40820834,0.35025,Yes
Bali,Karangasem,2024-10-13,-8.4464252,115.6135572,26.546167,84.73084,23.63575,0.029166667,0.029166667,1000.31085,82.291664,0.22120167,0.578229,6.333371,8.889348,231.81126,16.47,0.1735,0.14654167,Yes
Bali,Karangasem,2024-10-13,-8.4464252,115.6135572,26.546167,84.73084,23.63575,0.029166667,0.029166667,1000.31085,82.291664,0.22120167,0.578229,6.333371,8.889348,231.81126,16.47,0.1735,0.14654167,Yes
Jawa Timur,Jombang,2024-10-14,-7.561464,112.2413044,28.948917,71.27539,22.4135,0.15416667,0.15416667,1003.9477,99.291664,0.23945202,1.3778672,8.140213,14.129309,230.39774,20.789999,0.26779166,0.18325,Yes
Jawa Timur,Magetan,2024-10-16,-7.6542489,111.3360565,27.62825,42.772392,13.257417,0,0,974.5146,78.75,0.37460193,2.1876168,24.900492,35.94883,196.90932,45.195,0.267625,0.27933335,Yes
Jawa Timur,Banyuwangi,2024-10-17,-8.203328,114.374513,26.537333,64.62874,19.1665,0,0,1010.8852,83.791664,0.24646841,1.2817911,13.009629,21.525976,225.5145,32.025,0.136375,0.131,Yes
Jawa Timur,Pasuruan,2024-10-18,-6.30304,106.896762,28.282084,64.108154,20.296667,0,0,1005.3687,34.666668,0.24093191,1.5426159,7.9567404,11.2331295,258.77963,18.914999,0.31695834,0.3142917,Yes
Jawa Tengah,Cilacap,2024-10-21,-7.73926,109.0141049,26.442251,80.57362,22.821417,0.004166667,0.004166667,1011.37866,55.125,0.2097812,0.67142195,11.795982,13.031403,196.10695,17.43,0,0,Yes
Sumatera Utara,Tapanuli Tengah,2024-10-22,1.433566,99.167769,23.194834,81.13013,19.526085,0,0,945.1287,83.041664,0.20196016,0.61266357,5.9817967,10.941541,194.9161,22.275,0.35533333,0.36641666,Yes
Nusa Tenggara Timur,Manggarai Barat,2024-10-23,-8.6192587,120.0897499,27.248167,72.37388,21.20025,0.025,0.025,991.12274,47.958332,0.22386979,1.1575803,8.448084,14.923457,174.88788,21.375,0.18195833,0.15245833,Yes
Kalimantan Barat,Sambas,2024-10-23,1.6084229,109.1811618,28.360167,79.571785,24.206,0,0,1008.87866,98.916664,0.21368295,0.86931705,9.62771,16.217962,213.19041,21.015,0.33483332,0.35204166,Yes
Aceh,Aceh Barat,2024-10-24,-3.9839496,103.3249505,22.848667,84.120895,19.829916,0.45833334,0.45833334,939.0566,96.125,0.16891988,0.5087934,4.6506023,5.2267785,193.99467,13.29,0.31325,0.25529167,Yes
Jawa Barat,Cirebon,2024-10-24,-5.52093,105.57282,29.94625,64.484535,22.1025,0,0,1007.59174,79.5,0.25839564,1.6129158,14.049892,22.597483,216.39664,30.81,0.13733333,0.17216666,Yes
Jawa Timur,Jombang,2024-10-24,-7.561464,112.2413044,27.653084,74.05223,22.386417,0.14166667,0.14166667,1005.0004,57.125,0.21367922,1.0487194,8.763923,15.5309305,213.71986,21.375,0.25945833,0.22054167,Yes
Sumatera Barat,Tanah Datar,2024-10-25,-0.4725469,102.418465,27.819,73.53876,22.204416,0,0,1001.4849,90.833336,0.20499657,1.1309528,4.2710423,6.698715,238.21545,9.96,0.33741668,0.33620834,Yes
Jawa Timur,Jombang,2024-10-25,-7.561464,112.2413044,28.240583,71.0526,22.067667,0.045833334,0.045833334,1005.10126,15.583333,0.2541137,1.251739,14.260004,23.378365,214.65369,30.164999,0.23725,0.2175,Yes
Kepulauan Bangka Belitung,Belitung Timur,2024-10-26,-2.9164574,108.0037218,28.074083,80.64149,24.196999,0.020833334,0.020833334,1007.0241,40.75,0.2050029,0.8199376,7.9903626,14.755303,175.59724,16.215,0.20983334,0.17004167,Yes
Jawa Timur,Sumenep,2024-10-26,-7.006745,113.8598666,29.465084,67.15272,21.760916,0.008333334,0.008333334,1007.4813,12.625,0.25344834,1.583989,6.523658,10.372961,209.98062,16.695,0.20658334,0.16083333,Yes
Aceh,Aceh Barat,2024-10-26,-3.9839496,103.3249505,24.165335,72.68331,18.477833,0,0,938.5648,45.708332,0.21959415,0.97802764,7.4758277,10.496341,209.59514,18.045,0.25554168,0.24175,Yes
Sumatera Barat,Sijunjung,2024-10-27,-0.6964425,100.9936303,26.474583,75.641304,21.224583,0,0,990.6901,73.25,0.22072871,1.044708,6.1721745,10.0880575,238.17601,16.41,0.31170833,0.36141667,Yes
Jawa Timur,Bondowoso,2024-10-27,-7.9451279,113.882059,26.384583,74.51733,21.130417,0.041666668,0.041666668,975.09375,49.708332,0.23143922,0.989026,16.744297,25.167757,201.70238,34.35,0.09370834,0.058,Yes
Jawa Barat,Garut,2024-10-28,-6.934217,107.722257,23.737667,80.20111,19.746,0.041666668,0.041666668,935.2039,46.25,0.18449983,0.70205474,5.2446046,7.895539,83.73619,15.87,0.25216666,0.18325,Yes
Sulawesi Tengah,Banggai Kepulauan,2024-02-17,-1.3518454,123.1808567,28.4375,65.42348,21.002083,0,0,995.74316,63.875,0.25149018,1.4153411,10.194778,17.499298,125.96141,25.32,0.10791667,0.15116666,Yes
Riau,Kota Dumai,2024-01-15,1.657172,101.426666,25.637583,91.070816,24.018833,0.52916664,0.52916664,1008.63855,98.833336,0.1096114,0.31391338,4.8969827,7.6217136,183.9318,14.099999,0.39679167,0.40041667,No
Jawa Barat,Bandung,2024-01-07,-6.9342173,107.7222573,22.8835,88.15473,20.735582,1.25,1.25,935.9953,96.625,0.12472805,0.3607087,3.091812,4.0966015,170.40138,10.905,0.41970834,0.41445833,No
Sumatera Utara,Kota Medan,2024-01-22,3.572702,98.673415,26.560083,83.65263,23.366333,0,0,1008.697,96.291664,0.17997333,0.6381492,7.812966,13.5523615,300.73898,16.02,0.35075,0.36441666,No
Jawa Tengah,Kota Semarang,2024-01-03,-7.06067745,110.4435859,25.573,90.85645,23.9105,0.32083333,0.32083333,985.6363,95.875,0.13973367,0.31932282,6.074612,8.739707,228.98152,15.809999,0.48579165,0.45783332,No
Kalimantan Timur,Kota Samarinda,2024-01-29,3.08018,117.240926,26.40575,80.368706,22.591166,0.058333334,0.058333334,1010.0637,99.875,0.15619995,0.725885,7.505432,13.518543,126.36403,16.529999,0.37816668,0.38099998,No
Sulawesi Selatan,Kota Makassar,2024-01-11,-5.13504075,119.4079711,26.876667,84.40238,23.99125,0.5125,0.5125,1007.67755,100,0.15712982,0.56550235,8.936207,12.512397,162.006,20.505,0.34845832,0.31870833,No
Banten,Kota Serang,2024-01-18,-6.1261551,106.1631533,26.730917,87.31477,24.33925,0.24583334,0.24583334,1005.1653,99.25,0.11627765,0.48119944,5.3341894,8.650033,227.76224,12.705,0.38395834,0.36020833,No
Bali,Kota Denpasar,2024-01-05,-8.668324,115.220027,26.6865,87.419174,24.371916,0.2,0.2,1008.6078,100,0.11808095,0.45612296,4.5016904,5.643538,228.07648,12.75,0.16645834,0.061166666,No
Nusa Tenggara Barat,Mataram,2024-01-25,-8.58499,116.08571,27.792583,80.97366,24.1405,0.083333336,0.083333336,1010.8113,90.458336,0.20862202,0.74195254,10.983541,17.385029,324.1412,24.269999,0.19995834,0.19845833,No
Papua,Kota Jayapura,2024-01-09,-2.5387539,140.7037389,25.58025,94.76047,24.644833,0.85833335,0.85833335,1001.4885,97.375,0.065328956,0.18385957,2.8093934,4.028743,199.89613,9.585,0.33345833,0.337125,No
Sumatera Selatan,Kota Palembang,2024-02-14,-2.976938,104.734354,25.627834,93.689224,24.484083,1.6458334,1.6458334,1010.8678,99.666664,0.112149075,0.22945105,6.416707,11.118892,293.21622,16.425,0.42629167,0.42641667,No
Jawa Timur,Kota Surabaya,2024-02-03,-7.2429444,112.7412666,26.317665,89.9177,24.453083,0.52916664,0.52916664,1009.9931,99.041664,0.114104934,0.37308335,7.370482,12.922928,280.01755,16.635,0.37045833,0.33741668,No
Kalimantan Barat,Kota Pontianak,2024-02-27,-0.0226903,109.3447488,26.073915,92.35786,24.640583,0.27083334,0.27083334,1009.2917,93.083336,0.15281166,0.29711348,5.0488753,8.298024,139.13416,14.295,0.37495834,0.36675,No
Sulawesi Utara,Kota Manado,2024-02-08,1.4647869,124.8286069,27.216,82.98415,24.018084,0.05,0.05,1010.88403,92.666664,0.18154453,0.6362726,5.4411674,7.1897373,156.12228,16.32,0.24525,0.252875,No
Lampung,Bandar Lampung,2024-02-19,-5.4460713,105.2643742,26.825832,89.399315,24.807083,0.19583334,0.19583334,1009.54083,82.125,0.15899023,0.42506,7.5800834,13.166539,261.17078,17.97,0.480125,0.48429167,No
Aceh,Kota Banda Aceh,2024-02-11,-3.9839496,103.3249505,23.152834,84.67378,20.296583,0.3375,0.3375,942.30493,66.708336,0.1763723,0.47758257,3.1235852,4.4077272,185.99593,11.429999,0.4125,0.4075,No
Sumatera Barat,Kota Padang,2024-02-22,-0.9247587,100.3632561,27.175083,79.756226,23.327168,0.016666668,0.016666668,1010.4148,85.541664,0.16816713,0.74756736,4.4275384,5.0492268,144.53618,12.165,0.382875,0.39383334,No
Jambi,Kota Jambi,2024-02-05,-1.6296917,103.6077806,25.953499,92.87132,24.666,0.52916664,0.52916664,1010.73065,99.75,0.1070219,0.25872377,6.127489,10.479545,240.11462,13.754999,0.48679167,0.48025,No
Bengkulu,Bengkulu,2024-02-17,-3.7922858,102.2623797,25.751415,93.47272,24.55975,1.1708333,1.1708333,1009.0468,99.291664,0.13967623,0.2428811,4.283474,6.5767326,112.19033,12.525,0.42229167,0.42516667,No
Gorontalo,Kota Gorontalo,2024-02-01,0.5384433,123.0594971,26.951,82.47039,23.605165,0.07083333,0.07083333,1011.0316,98.833336,0.12228694,0.659895,6.6854267,10.768286,332.23352,18.539999,0.19320834,0.20870833,No
Maluku,Kota Ambon,2024-03-12,-3.6946704,128.1810142,28.045752,82.94246,24.791584,0.020833334,0.020833334,1007.82074,99.208336,0.16768168,0.67865336,14.373087,23.801048,335.39853,35.864998,0.38920835,0.3995,No
Papua Barat,Kota Manokwari,2024-03-24,-2.450488,133.141988,27.472168,84.60423,24.580502,0.05,0.05,1007.7166,94.208336,0.15550566,0.590251,8.100782,11.723758,112.23596,19.605,0.37475,0.38645834,No
Kalimantan Selatan,Kota Banjarbaru,2024-03-07,-3.4397517,114.8309351,26.740751,88.71173,24.611584,0.73333335,0.73333335,1005.0897,99.875,0.13732052,0.44095024,6.0688987,10.101876,159.96088,15.9,0.5919167,0.5969167,No
Nusa Tenggara Timur,Kupang,2024-03-19,-10.1632209,123.6017755,27.337915,83.90821,24.314999,0.083333336,0.083333336,1002.26886,84.375,0.19109184,0.60697603,10.006715,14.456094,292.89944,21.675,0.38679168,0.38925,No
Sulawesi Tengah,Kota Palu,2024-03-02,-2.819032,122.131638,26.821167,91.40455,25.271168,0.37916666,0.37916666,1007.7217,95.458336,0.16906498,0.3163974,4.2987456,5.165514,122.78535,13.665,0.48633334,0.46783334,No
Sulawesi Tenggara,Kota Kendari,2024-03-28,-4.12762,123.093886,23.040667,90.649864,21.282333,0.25416666,0.25416666,939.1118,95.333336,0.1679876,0.30841216,2.5812566,3.6001096,208.59134,13.469999,0.396,0.39120835,No
Maluku Utara,Kota Sofifi,2024-03-15,-1.587321,127.435913,26.939917,85.07852,24.169085,1.2333333,1.2333333,1000.66113,97.166664,0.16419694,0.55087507,7.614825,12.23236,195.47876,18.57,0.48554167,0.47191668,No
Papua Tengah,Kota Nabire,2024-03-09,-2.450488,133.141988,26.838835,88.88798,24.634666,0.9625,0.9625,1004.81055,85.541664,0.20599999,0.4649119,5.803369,8.542119,168.54872,16.86,0.42008334,0.41825,No
Papua Pegunungan,Jayawijaya,2024-03-21,-4.11527865,138.9650306,18.979,86.36713,16.564417,0.24166667,0.24166667,840.44183,93.541664,0.1179773,0.32473972,2.6156666,3.7043874,157.0951,12.375,0.41345835,0.418375,No
Papua Selatan,Kota Merauke,2024-03-04,-4.045911,139.248353,14.530666,90.177,12.911917,0.14583334,0.14583334,756.9613,97.958336,0.1352903,0.16714495,4.8395324,5.7553425,129.99886,16.14,0.40066665,0.405125,No
Papua Barat Daya,Kota Sorong,2024-04-17,-0.8634105,131.2544805,26.454416,91.20073,24.798166,0.3125,0.3125,1005.86005,87.833336,0.14819802,0.33994406,5.8989277,8.695591,150.38152,15.224999,0.49383333,0.49154165,No
Riau,Indragiri Hilir,2024-04-09,-0.516217,102.930472,26.940084,92.583336,25.502584,1.2791667,1.2791667,1008.3972,97.291664,0.16639623,0.3194369,4.241912,7.029282,277.00967,12.554999,0.41320834,0.41175,No
Jawa Barat,Bogor,2024-04-25,-6.934217,107.722257,23.33975,89.26871,21.425167,0.69166666,0.69166666,934.0018,99.875,0.108944304,0.3282038,3.65475,5.0156913,141.21155,11.49,0.42029166,0.41529167,No
Sumatera Utara,Deli Serdang,2024-04-03,3.69524335,98.83107449,27.8585,84.469444,24.887667,0.09166667,0.09166667,1009.1126,90.166664,0.19857673,0.62843454,7.7148194,11.1959305,210.41759,18.975,0.18091667,0.16666667,No
Jawa Tengah,Magelang,2024-04-14,-7.4704907,110.2145487,24.7405,90.60791,23.05925,1.3,1.3,970.4264,87.541664,0.14260171,0.31209835,3.984775,5.123766,260.27084,11.115,0.499625,0.508,No
Kalimantan Timur,Kutai Kartanegara,2024-04-28,0.19563305,116.2004167,26.672499,92.91507,25.368332,0.5833333,0.5833333,1001.8712,91,0.118581034,0.27332464,6.022767,11.545463,91.96008,15.405,0.40766668,0.39295834,No
Sulawesi Selatan,Gowa,2024-04-06,-4.822433,119.495071,28.029833,84.925964,25.15275,0.20833333,0.20833333,1008.1458,63.333332,0.20409241,0.6139199,5.112501,6.5418305,182.43253,13.125,0.36104167,0.37091666,No
Banten,Tangerang,2024-04-20,-6.315982,106.677513,26.729584,88.78378,24.5775,1.0041667,1.0041667,1002.236,100,0.14939064,0.44851512,5.109303,7.0799975,129.92606,14.295,0.487875,0.47395834,No
Bali,Badung,2024-04-11,5.887897,10.011026,21.116083,77.86691,17.043165,0.24583334,0.24583334,867.7124,99.875,0.12585911,0.58018,5.709785,9.712093,123.070854,18.195,0.48375002,0.47958332,No
Nusa Tenggara Barat,Lombok Tengah,2024-04-01,-8.703071,116.2899373,26.143333,89.12324,24.135,0.25,0.25,998.4918,99.083336,0.13797979,0.39945343,6.303915,10.767887,101.3065,16.275,0.45129165,0.38408333,No
Papua,Merauke,2024-05-22,-8.4902766,140.395582,26.939583,79.468796,23.03125,0.0375,0.0375,1009.1921,94.791664,0.16487306,0.7495642,17.438248,27.02173,120.52327,35.309998,0.56133336,0.5705417,No
Sumatera Selatan,Musi Banyuasin,2024-05-13,-3.0369543,104.7948119,26.25025,94.04577,25.158585,0.35833332,0.35833332,1008.3381,95.333336,0.113705404,0.23085593,4.8110423,8.134469,167.08409,12.675,0.41508335,0.41808334,No
Jawa Timur,Malang,2024-05-29,-7.9771308,112.6340265,24.83725,78.23953,20.553915,0.016666668,0.016666668,960.6213,28.916666,0.17097706,0.75185317,4.1981273,5.3570266,208.42384,13.184999,0.31558332,0.32254165,No
Kalimantan Barat,Sambas,2024-05-07,1.6084229,109.1811618,27.514334,87.783875,25.245583,0.041666668,0.041666668,1008.62665,79.625,0.13810588,0.4755453,5.3236694,7.9451423,214.12079,14.429999,0.353125,0.35820833,No
Sulawesi Utara,Minahasa,2024-05-18,1.196122,124.883889,23.593416,86.1631,21.058,0.054166667,0.054166667,934.11426,83.125,0.1634321,0.43125877,7.5722113,14.237346,202.8682,20.775,0.40366668,0.41266668,No
Lampung,Lampung Selatan,2024-05-04,-5.54148865,105.5110009,26.748167,89.875854,24.798166,0.06666667,0.06666667,1001.9357,97,0.15712242,0.41518503,3.80441,5.7511225,248.45094,11.8949995,0.37029165,0.37604168,No
Aceh,Aceh Besar,2024-05-25,-3.9839496,103.3249505,23.477833,87.199554,21.182001,0.058333334,0.058333334,938.61475,99.958336,0.07088007,0.38619542,3.6469479,4.369707,239.65472,8.535,0.41504166,0.42266667,No
Sumatera Barat,Agam,2024-05-10,1.7447435,33.0932897,22.426085,86.97639,19.949001,0.75,0.75,898.25275,87.041664,0.16302957,0.41123095,6.5025373,11.432838,154.28857,18.015,0.41154167,0.37783334,No
Jambi,Muaro Jambi,2024-05-16,-1.4783315,103.6764008,27.547667,86.27308,24.753916,0.325,0.325,1008.5288,88.916664,0.16211699,0.59360725,6.1877403,10.609234,189.04733,15.164999,0.40075,0.402625,No
Bengkulu,Bengkulu Tengah,2024-05-01,-3.7922858,102.2623797,26.478498,92.03407,25.018084,0.5958333,0.5958333,1005.8183,100,0.13482635,0.3037786,3.5680292,5.583023,144.24179,12.014999,0.41933334,0.422625,No
Gorontalo,Bone Bolango,2024-06-19,0.5384433,123.0594971,26.105165,87.02629,23.615582,0.7416667,0.7416667,1008.76025,97.041664,0.12966931,0.48127434,5.473345,8.640753,184.19154,17.58,0.35295832,0.29641667,No
Maluku,Maluku Tengah,2024-06-12,-3.1214456,129.4599922,20.878166,95.5505,20.134417,0.15,0.15,900.3809,100,0.086910665,0.11171826,3.0146496,5.3759756,172.46536,19.305,0.39904168,0.39783335,No
Papua Barat,Fakfak,2024-06-27,-2.9298174,132.2961612,25.574999,91.36955,24.004166,0.3375,0.3375,1005.3391,93.791664,0.09868541,0.30132404,2.9545662,4.6517735,137.29736,11.28,0.4005,0.40325,No
Kalimantan Selatan,Banjar,2024-06-05,-3.897138,115.152327,26.747915,85.16423,23.972916,0.23333333,0.23333333,1009.2402,94.041664,0.13348766,0.54654,8.918525,14.556174,132.74706,19.664999,0.41275,0.41241667,No
Nusa Tenggara Timur,Timor Tengah Selatan,2024-06-23,-9.82305125,124.4355953,19.286,82.09251,15.796416,0,0,921.217,79.375,0.13188334,0.4691802,8.448523,15.607093,119.45485,22.26,0.2335,0.23708333,No
Sulawesi Tengah,Poso,2024-06-08,0.8007,122.9233,26.243584,90.32906,24.468582,0.46666667,0.46666667,1008.19006,95,0.12904304,0.3570947,10.209437,16.515804,173.56999,24.84,0.39354166,0.3755,No
Sulawesi Tenggara,Kolaka,2024-06-14,-4.059702,121.605559,25.897917,83.65512,22.85625,0.045833334,0.045833334,1010.6797,84.625,0.15710595,0.57072157,4.796897,7.3735056,131.34929,14.669999,0.33175,0.30966666,No
Maluku Utara,Halmahera Barat,2024-06-01,1.36310545,127.5737958,25.396416,91.99829,23.89225,0.12916666,0.12916666,975.4027,79.708336,0.14943516,0.30047956,3.145587,4.8020134,145.58882,20.64,0.25558335,0.25554165,No
Papua Tengah,Puncak Jaya,2024-06-30,-3.7009102,137.9649142,17.181917,90.517235,15.511084,0.35,0.35,821.4898,92.583336,0.116110615,0.21756469,2.748485,3.6312854,133.01369,15.36,0.3875,0.36804166,No
Papua Pegunungan,Jayawijaya,2024-06-10,-4.11527865,138.9650306,19.433167,84.255165,16.237333,2.3166666,2.3166666,841.63025,82.833336,0.17037894,0.46808487,4.917677,7.563241,211.77138,18.36,0.40995833,0.40983334,No
Papua Selatan,Asmat,2024-07-17,-5.53144865,138.7896921,24.096832,83.87749,21.136415,0.0125,0.0125,1011.11945,99.875,0.067562625,0.49747676,8.6296835,15.476481,121.453514,19.965,0.5495833,0.55825,No
Papua Barat Daya,Raja Ampat,2024-07-09,-0.7125553,130.3034473,26.454166,83.73572,23.472918,1.1958333,1.1958333,1009.82086,99.625,0.13166691,0.56247294,8.266881,8.487971,97.87771,15.9,0,0,No
Riau,Kampar,2024-07-25,4.34273,101.155242,29.15175,71.45133,23.222584,0,0,1003.1886,90.541664,0.21277422,1.232499,8.02197,12.725566,165.94817,16.994999,0.2900417,0.33183333,No
Jawa Barat,Cirebon,2024-07-03,-5.52093,105.57282,26.48375,87.944435,24.14625,0.22916667,0.22916667,1008.50366,68,0.154349,0.48412207,4.9916735,7.600479,213.08928,13.544999,0.37816668,0.3697917,No
Sumatera Utara,Langkat,2024-07-14,3.8293858,98.24834954,26.900917,82.51727,23.342585,0.0125,0.0125,999.8402,71.5,0.183614,0.7225015,3.898089,5.693565,207.4607,11.46,0.37529168,0.37525,No
Jawa Tengah,Boyolali,2024-07-28,-7.5313771,110.5972919,23.956999,74.81856,18.840332,0,0,964.4994,43.208332,0.18932813,0.83832777,14.711831,21.574188,218.10188,29.099998,0.14408334,0.15720834,No
Kalimantan Timur,Berau,2024-07-06,2.1488862,117.4534366,25.991083,90.1957,24.151499,0.10416667,0.10416667,1006.5068,62.875,0.15551895,0.3682691,5.387675,9.089955,200.90248,14.369999,0.40291667,0.40433335,No
Sulawesi Selatan,Maros,2024-07-20,43.17601,21.15011,25.05125,60.079666,16.097084,0.13333334,0.13333334,915.44727,19.625,0.22516918,1.406059,5.5847063,10.0635195,194.6999,17.039999,0.20154166,0.24158333,No
Banten,Lebak,2024-07-11,-6.032761,106.1636947,26.317333,82.65164,22.95275,0.008333334,0.008333334,1011.1526,63.208332,0.16836607,0.66025496,5.441234,7.9959874,231.66241,12.344999,0.33058333,0.351125,No
Bali,Gianyar,2024-07-01,5.887897,10.011026,18.649416,89.25838,16.778584,0.47083333,0.47083333,870.2574,95.291664,0.10570894,0.2549009,3.7923408,5.1513166,155.85095,12.089999,0.49758333,0.50645834,No
Nusa Tenggara Barat,Sumbawa,2024-08-22,-8.73412725,117.495987,25.105082,73.9183,19.196749,0.016666668,0.016666668,974.6116,86.833336,0.20469618,1.0738806,5.7054367,8.91524,255.74117,16.154999,0.13604167,0.1805,No
Papua,Jayapura,2024-08-13,-2.5387539,140.7037389,26.759417,86.73819,24.307333,0.5375,0.5375,1001.63385,65.041664,0.16636764,0.48201066,6.1408687,9.531267,141.4069,18.885,0.25733334,0.239875,No
Sumatera Selatan,Ogan Komering Ilir,2024-08-29,-4.685645,104.003735,25.664667,62.629414,17.370916,0.025,0.025,958.0864,88.041664,0.20729852,1.3976151,6.556766,9.247477,147.26111,17.369999,0.28075,0.2835,No
Jawa Timur,Jember,2024-08-07,-8.172913,113.703078,26.02325,74.05263,20.739916,0.008333334,0.008333334,1002.8872,57.958332,0.17343831,0.96641994,7.5011168,10.627997,218.6761,15.2699995,0.10541667,0.10633333,No
Kalimantan Barat,Ketapang,2024-08-18,-1.8477454,109.9727296,26.3815,88.17329,24.179417,0.16666667,0.16666667,1009.23267,36.291668,0.1530143,0.43669736,10.414762,16.22867,114.41948,23.97,0.34783334,0.32791665,No
Sulawesi Utara,Bolaang Mongondow,2024-08-04,0.364551,123.760015,17.462667,96.967995,16.9585,0.96250004,0.96250004,885.03705,99.958336,0.08187317,0.06387838,5.2957807,9.00444,163.03114,16.949999,0.427375,0.42166665,No
Lampung,Lampung Tengah,2024-08-25,-4.8728473,105.3260129,28.20025,64.995766,20.45025,0.033333335,0.033333335,1008.6752,38.583332,0.21310763,1.4810976,9.844287,15.740907,154.10106,20.085,0.26654166,0.287375,No
Aceh,Pidie,2024-08-10,5.376525,95.9325752,25.560751,92.40914,24.206583,0.78333336,0.78333336,1009.7618,99.875,0.10039137,0.2628083,4.6206517,6.760248,230.6875,13.5,0.37170833,0.30508333,No
Sumatera Barat,Pasaman,2024-08-01,0.322549,100.171601,18.379583,86.01412,15.84625,0.60833335,0.60833335,858.6899,85.625,0.15249415,0.33558893,2.2501383,3.4446185,179.99648,13.304999,0.36958334,0.327125,No
Jambi,Tanjung Jabung Barat,2024-08-16,-1.6296917,103.6077806,27.961834,74.11646,22.757666,0.0625,0.0625,1006.27277,96.083336,0.15542446,1.025859,7.572155,12.801127,147.29974,17.13,0.25741667,0.277,No
Bengkulu,Kaur,2024-09-19,-3.7922858,102.2623797,25.64725,75.14275,20.680582,0,0,1007.0202,96.541664,0.1962213,0.89661586,8.557914,13.993704,129.70967,19.32,0.266125,0.27866668,No
Gorontalo,Gorontalo Utara,2024-09-12,0.5384433,123.0594971,27.405167,64.1982,19.75725,0,0,1009.0302,83.208336,0.23556688,1.3804612,10.06324,17.38522,123.540016,25.904999,0.20175,0.23970833,No
Maluku,Seram Bagian Barat,2024-09-27,-1.587321,127.435913,25.406584,89.886795,23.577417,0.55,0.55,1001.22375,83.75,0.12177686,0.34625477,4.930785,8.171812,109.82311,13.65,0.48125,0.46758333,No
Papua Barat,Kaimana,2024-09-05,-3.650483,133.730752,26.009335,86.75063,23.586418,0.004166667,0.004166667,1009.8735,74.5,0.17410095,0.4631619,12.564848,18.876846,132.54903,30.345,0.36970833,0.38145834,No
Kalimantan Selatan,Hulu Sungai Selatan,2024-09-23,-2.71258085,115.1587771,27.09475,82.957085,23.68225,0.2625,0.2625,1010.0135,72.458336,0.15099986,0.7019995,5.0543504,8.858647,126.27642,13.964999,0.25083333,0.232125,No
Nusa Tenggara Timur,Flores Timur,2024-09-08,-6.3007783,106.8951092,29.27425,63.72507,21.067999,0.054166667,0.054166667,1006.5611,60,0.23498581,1.6519274,8.493052,13.855416,174.06424,19.5,0.3235,0.28133333,No
Sulawesi Tengah,Toli-Toli,2024-09-14,0.9702508,120.880323,22.749332,75.752075,17.730583,0,0,938.9648,98.833336,0.20562252,0.7941285,7.3250113,10.907371,127.09579,19.38,0.3235,0.34254166,No
Sulawesi Tenggara,Muna,2024-09-01,-4.91914965,122.6918339,26.011333,71.58778,19.961334,0,0,987.6564,43.791668,0.21106611,1.089473,8.958183,15.91356,113.78641,21.015,0.20770833,0.21254167,No
Maluku Utara,Halmahera Selatan,2024-09-30,-1.53437,127.716559,21.743082,93.75915,20.630583,0.35,0.35,925.4823,94.916664,0.13415962,0.1855074,2.7683988,4.061725,120.43817,15.285,0.471875,0.45579165,No
Papua Tengah,Mimika,2024-09-10,-4.51512065,136.8845517,25.2495,91.87288,23.645332,0.5208333,0.5208333,1004.1768,96.125,0.12516555,0.31084925,4.403091,7.1624093,229.55595,15.089999,0.506,0.5017083,No
Papua Pegunungan,Lanny Jaya,2024-10-17,-3.9977349,138.3731165,13.4115,84.47882,10.488583,0.40416667,0.40416667,743.4802,85.291664,0.1580824,0.2969589,4.0349746,5.9206114,143.3769,16.11,0.41666666,0.41545832,No
Papua Selatan,Boven Digoel,2024-10-09,-6.091955,140.401395,25.450333,93.4954,24.221167,1.1041666,1.1041666,1004.9952,95.125,0.13302363,0.24945903,3.6288652,6.7443094,118.28722,11.91,0.50320834,0.50783336,No
Papua Barat Daya,Sorong Selatan,2024-10-25,-1.64305195,132.2549526,27.478582,78.03658,22.622332,0,0,1001.3229,57.666668,0.22496536,0.9907759,6.058005,9.783243,175.09082,14.46,0.37158334,0.38383332,No
Riau,Rokan Hilir,2024-10-03,2.15905705,100.6873775,25.978333,87.77221,23.713749,0.47083333,0.47083333,1010.3221,94.416664,0.14602964,0.4399037,5.694422,8.875104,227.11151,16.244999,0.30633333,0.32058334,No
Jawa Barat,Garut,2024-10-14,-6.934217,107.722257,24.687666,70.90256,18.26475,0.016666668,0.016666668,935.36115,100,0.23598114,1.0852592,8.905358,13.659885,125.06427,22.529999,0.15425,0.20145833,No
Sumatera Utara,Simalungun,2024-10-28,3.025326,98.289185,23.208084,80.90974,19.49975,0.008333334,0.008333334,935.46265,91.083336,0.17695837,0.617054,4.6268187,8.132564,177.141,14.264999,0.28883332,0.31516665,No
Jawa Tengah,Klaten,2024-10-06,-7.7077503,110.5999461,27.904083,70.015976,21.251999,0.054166667,0.054166667,992.73395,62.875,0.23642673,1.29612,10.32572,14.897812,214.08508,22.814999,0.30116665,0.296875,No
Kalimantan Timur,Kutai Timur,2024-10-20,0.9453607,117.0110884,26.570251,81.04252,22.595251,0.42916667,0.42916667,997.165,96.75,0.19588098,0.79494166,5.8113294,10.2309265,148.07137,15.809999,0.409375,0.418875,No
Sulawesi Selatan,Takalar,2024-10-11,-5.40665405,119.5375417,28.988916,72.19417,23.274334,0.45833334,0.45833334,1004.6882,99.541664,0.19000217,1.1812221,6.6486216,10.394997,198.31134,16.185,0.343,0.28849998,No
Banten,Pandeglang,2024-10-01,-6.032761,106.1636947,28.94025,69.23122,22.225666,0.041666668,0.041666668,1009.1925,74.75,0.22025111,1.3783749,4.7941394,7.8775125,178.03697,13.23,0.194625,0.15208334,No
Bali,Tabanan,2024-11-22,5.887897,10.011026,19.622334,73.64793,14.332749,0.0375,0.0375,869.1048,59.291668,0.1650706,0.69653904,6.276628,10.477625,159.10258,18.255,0.34,0.38208333,No
Nusa Tenggara Barat,Dompu,2024-11-13,-8.5164771,118.3312161,28.0425,71.725685,21.563334,0,0,998.89624,51.916668,0.23700894,1.3060349,6.5562897,10.222414,109.61994,17.234999,0.130625,0.15,No
Papua,Biak Numfor,2024-11-29,-1.1836086,136.0816321,27.233583,86.58182,24.7565,0.32916668,0.32916668,1006.0345,99.416664,0.12517074,0.4993569,6.356573,9.747114,91.61807,15.615,0.24075,0.18858333,No
Sumatera Selatan,Lahat,2024-11-07,-3.7195712,103.5448387,25.487667,88.35133,23.293917,0.90833336,0.90833336,999.7447,92.916664,0.1681656,0.42787364,4.3423533,6.8500004,144.31296,12.045,0.49758333,0.50016665,No
Jawa Timur,Probolinggo,2024-11-18,-7.7441461,113.2158401,28.386667,79.48993,24.2325,0.55,0.55,1007.03436,81.916664,0.21232048,0.88030094,6.3844934,8.9069195,142.17068,18,0.21320833,0.13291667,No
Kalimantan Barat,Sintang,2024-11-04,0.1927001,111.5598118,26.194334,87.37638,23.64225,0.40416667,0.40416667,1007.0594,82.708336,0.17174686,0.5183554,3.4819837,5.8703947,182.7472,12.24,0.39670834,0.39075,No
Sulawesi Utara,Minahasa Selatan,2024-11-25,1.2028973,124.6248196,25.425,90.86813,23.802082,0.44583336,0.44583336,990.49304,87.916664,0.12812886,0.31024152,3.2794323,3.8368983,139.71513,12.36,0.307125,0.31275,No
Lampung,Lampung Utara,2024-11-10,-4.8086085,104.8628815,26.708334,85.7459,23.9,0.2625,0.2625,1005.83826,99.5,0.16805433,0.57492936,4.324104,6.646913,217.9709,11.549999,0.43237498,0.42225,No
Aceh,Aceh Timur,2024-11-01,5.57001435,95.33819731,28.703333,69.00643,22.12625,0,0,1010.2656,65.125,0.2410345,1.3126678,12.738109,17.708328,233.89778,27.255,0.22041667,0.30420834,No
Sumatera Barat,Lima Puluh Kota,2024-11-16,-0.593005,100.559547,25.07825,86.551384,22.536585,0.1875,0.1875,968.65576,98.625,0.17181434,0.47471935,3.1483638,5.8046765,203.04492,11.505,0.3595,0.30124998,No
Jambi,Sarolangun,2024-12-19,-2.664286,111.0596967,25.40675,93.78669,24.3005,0.3875,0.3875,1006.4783,99.875,0.07844799,0.21453139,11.397263,19.822348,287.37793,23.429998,0.41795832,0.42208332,No
Bengkulu,Seluma,2024-12-12,-3.817417,102.317951,26.4565,81.62454,22.929417,0.2916667,0.2916667,1004.5528,99.958336,0.1737691,0.671257,12.861645,20.840397,310.58435,27.794998,0.3925,0.39204165,No
Gorontalo,Pohuwato,2024-12-27,0.70182105,121.6470746,24.544666,88.15484,22.150917,0.15,0.15,969.37054,97.041664,0.16511047,0.45424053,4.5314326,7.459175,277.91306,13.3949995,0.37745833,0.36266667,No
Maluku,Maluku Tenggara,2024-12-05,-5.77148835,132.73776,26.51675,88.55506,24.406332,0.9,0.9,999.1466,99.375,0.10892461,0.41879734,10.3188,17.27177,303.88272,24.224998,0.27879167,0.23033333,No
Papua Barat,Teluk Wondama,2024-12-23,-2.63252505,134.5661466,23.463083,94.57666,22.506834,1.2583333,1.2583333,947.92725,99.666664,0.13662997,0.16941072,4.2494493,6.3496795,228.09055,16.289999,0.41858333,0.41641667,No
Kalimantan Selatan,Tabalong,2024-12-08,-1.8363209,115.5155337,26.758165,86.25679,24.12275,0.09583333,0.09583333,997.29065,87.333336,0.16916382,0.53973836,4.235392,7.2794285,138.84224,12.36,0.5407917,0.5432917,No
Nusa Tenggara Timur,Sumba Timur,2024-12-14,-9.8342576,120.2094194,27.36225,83.52793,24.1685,0.375,0.375,997.6002,96.75,0.17969564,0.6563076,5.049721,7.9093738,206.53703,12.974999,0.40608335,0.40725,No
Sulawesi Tengah,Morowali,2024-12-01,-2.819032,122.131638,27.014917,90.45225,25.279501,0.108333334,0.108333334,1004.97266,100,0.12024033,0.35538372,3.7219791,5.278403,156.86938,11.67,0.44091666,0.43983334,No
Sulawesi Tenggara,Buton,2024-12-30,-5.293357,122.283325,26.46325,91.49927,24.929916,0.5708333,0.5708333,1009.2207,98.416664,0.13124602,0.3096364,4.369599,5.99575,123.52502,12.749999,0.279,0.22908333,No
Maluku Utara,Halmahera Utara,2024-12-10,1.6178705,127.8584679,24.756584,89.79043,22.84825,0.25,0.25,961.2066,88.791664,0.16839507,0.3629637,3.438332,6.9657383,134.28033,16.92,0.40841666,0.41341665,No